sensor_id,timestamp,temperature,humidity,location,sensor_type
1035,2025-04-09 06:24:48,17.54,79.36,BuildingA_Floor2,TypeC
1090,2025-04-11 05:52:05,18.27,79.01,BuildingA_Floor1,TypeC
1050,2025-04-07 04:41:40,31.47,35.41,BuildingB_Floor1,TypeC
1077,2025-04-09 03:36:11,22.17,66.14,BuildingB_Floor2,TypeA
1002,2025-04-11 00:21:49,30.36,57.68,BuildingB_Floor2,TypeB
1073,2025-04-10 04:49:24,16.16,42.88,BuildingA_Floor1,TypeC
1100,2025-04-08 16:24:01,21.85,79.96,BuildingB_Floor2,TypeC
1001,2025-04-09 12:37:52,22.46,53.42,BuildingA_Floor1,TypeC
1037,2025-04-11 08:43:38,29.92,68.41,BuildingA_Floor1,TypeA
1009,2025-04-08 17:16:21,22.77,38.72,BuildingA_Floor1,TypeA
1075,2025-04-07 10:23:39,25.47,68.44,BuildingB_Floor1,TypeA
1069,2025-04-11 19:41:48,23.57,30.88,BuildingA_Floor1,TypeA
1000,2025-04-11 19:14:49,33.79,70.61,BuildingB_Floor2,TypeB
1054,2025-04-09 08:45:22,32.06,53.8,BuildingB_Floor2,TypeB
1091,2025-04-08 10:13:46,24.73,53.02,BuildingB_Floor1,TypeC
1088,2025-04-11 20:16:42,17.68,69.6,BuildingB_Floor1,TypeA
1078,2025-04-07 17:03:35,18.14,33.15,BuildingB_Floor2,TypeB
1094,2025-04-07 02:09:53,25.7,76.21,BuildingB_Floor1,TypeC
1059,2025-04-10 05:34:33,33.03,59.68,BuildingA_Floor2,TypeB
1080,2025-04-11 16:14:39,23.56,31.36,BuildingB_Floor2,TypeC
1091,2025-04-07 02:49:50,23.59,54.58,BuildingB_Floor1,TypeA
1000,2025-04-09 16:17:44,31.33,54.08,BuildingA_Floor2,TypeB
1010,2025-04-11 05:10:20,15.65,36.03,BuildingA_Floor2,TypeA
1046,2025-04-10 06:25:32,27.98,52.12,BuildingA_Floor1,TypeB
1070,2025-04-08 10:47:25,32.23,75.55,BuildingB_Floor1,TypeA
1087,2025-04-07 12:25:49,19.34,32.33,BuildingB_Floor1,TypeB
1014,2025-04-10 09:52:25,26.28,77.26,BuildingA_Floor1,TypeA
1100,2025-04-08 22:48:19,16.59,36.98,BuildingB_Floor2,TypeC
1091,2025-04-11 10:16:06,23.09,77.19,BuildingB_Floor2,TypeA
1028,2025-04-09 19:08:12,17.39,55.6,BuildingA_Floor1,TypeA
1075,2025-04-07 09:14:10,28.57,78.48,BuildingA_Floor1,TypeA
1002,2025-04-09 06:00:42,21.07,68.24,BuildingB_Floor1,TypeA
1088,2025-04-10 12:48:23,25.52,34.53,BuildingA_Floor1,TypeC
1038,2025-04-09 09:01:35,20.77,32.34,BuildingB_Floor1,TypeC
1008,2025-04-07 00:17:23,15.56,48.97,BuildingB_Floor2,TypeC
1092,2025-04-09 03:13:52,27.26,37.72,BuildingB_Floor1,TypeC
1094,2025-04-11 01:51:34,26.83,56.22,BuildingB_Floor1,TypeA
1021,2025-04-06 23:21:59,20.53,74.23,BuildingB_Floor2,TypeB
1055,2025-04-07 03:12:35,18.57,58.53,BuildingB_Floor1,TypeC
1081,2025-04-08 07:25:45,20.94,65.51,BuildingA_Floor2,TypeC
1100,2025-04-07 06:53:10,16.99,72.03,BuildingA_Floor2,TypeA
1021,2025-04-09 19:27:20,18.52,48.23,BuildingA_Floor2,TypeB
1089,2025-04-08 21:13:19,32.92,51.3,BuildingA_Floor1,TypeB
1045,2025-04-10 01:58:43,28.97,39.92,BuildingB_Floor1,TypeC
1018,2025-04-09 06:01:47,30.06,49.08,BuildingA_Floor2,TypeC
1047,2025-04-07 11:01:41,32.94,35.85,BuildingB_Floor2,TypeC
1085,2025-04-08 04:42:43,30.3,38.71,BuildingA_Floor2,TypeB
1100,2025-04-11 06:39:24,22.54,51.27,BuildingB_Floor2,TypeC
1035,2025-04-09 07:03:30,18.7,68.29,BuildingA_Floor2,TypeA
1030,2025-04-08 07:08:16,33.39,38.44,BuildingA_Floor1,TypeB
1074,2025-04-08 15:12:48,34.6,61.79,BuildingA_Floor2,TypeB
1002,2025-04-07 06:38:54,18.72,34.73,BuildingB_Floor1,TypeA
1056,2025-04-09 13:05:15,34.68,33.66,BuildingA_Floor1,TypeA
1033,2025-04-06 23:43:00,21.99,58.54,BuildingB_Floor2,TypeC
1025,2025-04-08 03:29:15,20.39,56.87,BuildingA_Floor2,TypeA
1049,2025-04-11 03:14:49,23.55,37.57,BuildingA_Floor1,TypeB
1009,2025-04-10 08:28:34,19.02,51.5,BuildingA_Floor1,TypeB
1023,2025-04-08 02:07:09,21.45,61.61,BuildingA_Floor1,TypeC
1062,2025-04-07 12:02:38,32.76,74.33,BuildingB_Floor1,TypeB
1053,2025-04-11 18:02:22,20.78,38.33,BuildingA_Floor2,TypeC
1022,2025-04-07 02:59:18,23.01,49.21,BuildingB_Floor2,TypeA
1002,2025-04-11 05:10:47,19.47,51.47,BuildingB_Floor1,TypeB
1051,2025-04-09 22:43:07,24.14,48.14,BuildingA_Floor1,TypeC
1023,2025-04-07 20:08:25,28.31,41.02,BuildingA_Floor2,TypeB
1029,2025-04-09 00:05:40,29.12,56.21,BuildingA_Floor2,TypeA
1061,2025-04-09 13:30:01,26.92,50.73,BuildingB_Floor1,TypeA
1062,2025-04-11 09:08:02,21.48,34.94,BuildingA_Floor2,TypeC
1097,2025-04-09 11:32:39,32.98,71.86,BuildingA_Floor1,TypeC
1028,2025-04-09 13:48:18,26.99,53.95,BuildingB_Floor1,TypeA
1057,2025-04-10 19:17:28,33.02,76.46,BuildingA_Floor1,TypeB
1003,2025-04-08 12:14:50,28.58,74.73,BuildingA_Floor2,TypeC
1035,2025-04-07 04:49:06,32.5,39.78,BuildingB_Floor2,TypeC
1031,2025-04-11 11:55:39,26.68,40.66,BuildingA_Floor2,TypeC
1098,2025-04-09 22:28:07,30.52,36.16,BuildingA_Floor2,TypeC
1088,2025-04-07 22:39:00,26.1,41.97,BuildingA_Floor1,TypeB
1024,2025-04-09 13:14:29,31.34,73.35,BuildingB_Floor1,TypeB
1065,2025-04-11 05:03:46,29.11,46.95,BuildingB_Floor2,TypeA
1045,2025-04-10 12:50:20,18.44,71.54,BuildingB_Floor1,TypeC
1077,2025-04-11 00:47:48,20.36,63.23,BuildingA_Floor1,TypeC
1000,2025-04-11 19:29:36,15.55,61.41,BuildingA_Floor1,TypeB
1075,2025-04-10 23:17:17,15.02,69.03,BuildingB_Floor2,TypeC
1020,2025-04-09 22:45:29,19.44,76.96,BuildingA_Floor2,TypeC
1057,2025-04-08 09:35:22,21.32,77.84,BuildingB_Floor2,TypeA
1067,2025-04-08 22:21:22,20.03,37.91,BuildingB_Floor1,TypeA
1050,2025-04-09 08:02:19,15.34,57.06,BuildingB_Floor1,TypeA
1038,2025-04-10 09:23:44,30.1,47.55,BuildingA_Floor1,TypeC
1066,2025-04-11 03:11:13,17.09,66.83,BuildingB_Floor1,TypeA
1052,2025-04-06 22:02:49,33.02,55.17,BuildingA_Floor1,TypeA
1033,2025-04-09 18:15:44,18.3,35.06,BuildingB_Floor1,TypeC
1091,2025-04-10 06:47:55,26.65,65.69,BuildingB_Floor2,TypeA
1037,2025-04-07 05:19:59,18.68,39.32,BuildingA_Floor2,TypeC
1002,2025-04-07 09:08:02,27.66,35.59,BuildingB_Floor2,TypeA
1062,2025-04-09 17:26:34,32.4,70.24,BuildingA_Floor2,TypeC
1081,2025-04-10 09:21:31,30.55,64.34,BuildingA_Floor1,TypeC
1092,2025-04-07 21:16:34,32.48,58.9,BuildingA_Floor2,TypeA
1086,2025-04-08 17:08:09,25.82,40.79,BuildingB_Floor1,TypeC
1038,2025-04-09 21:08:37,32.11,32.42,BuildingA_Floor1,TypeA
1081,2025-04-08 13:53:47,33.66,78.06,BuildingB_Floor1,TypeA
1067,2025-04-07 01:53:42,22.07,44.26,BuildingB_Floor2,TypeB
1052,2025-04-07 03:09:52,21.48,73.84,BuildingA_Floor1,TypeB
1060,2025-04-11 13:36:12,21.42,68.85,BuildingB_Floor2,TypeA
1088,2025-04-08 20:47:03,24.6,55.82,BuildingB_Floor1,TypeA
1072,2025-04-09 10:35:48,18.7,68.66,BuildingB_Floor2,TypeA
1015,2025-04-09 06:11:01,28.34,40.15,BuildingB_Floor1,TypeB
1059,2025-04-09 22:14:17,28.84,75.95,BuildingA_Floor2,TypeC
1052,2025-04-10 06:30:15,20.23,61.15,BuildingA_Floor2,TypeB
1052,2025-04-07 03:49:20,16.86,47.06,BuildingA_Floor2,TypeA
1066,2025-04-11 15:31:13,21.4,33.88,BuildingA_Floor2,TypeA
1088,2025-04-07 23:34:35,21.78,45.47,BuildingA_Floor2,TypeC
1011,2025-04-09 06:11:30,22.06,41.97,BuildingB_Floor1,TypeB
1091,2025-04-11 02:39:55,25.78,30.11,BuildingA_Floor1,TypeA
1082,2025-04-07 12:27:51,16.16,32.55,BuildingA_Floor1,TypeB
1065,2025-04-11 06:58:59,34.65,33.79,BuildingA_Floor1,TypeA
1059,2025-04-07 09:33:30,31.22,73.98,BuildingB_Floor2,TypeB
1080,2025-04-07 10:56:23,30.21,69.66,BuildingA_Floor1,TypeC
1072,2025-04-09 15:15:14,22.05,36.0,BuildingA_Floor1,TypeA
1010,2025-04-09 04:25:45,16.65,63.45,BuildingA_Floor1,TypeC
1009,2025-04-11 00:42:18,18.65,74.96,BuildingA_Floor1,TypeA
1073,2025-04-09 22:39:34,19.41,31.44,BuildingB_Floor1,TypeB
1057,2025-04-08 22:06:53,16.02,35.13,BuildingA_Floor2,TypeC
1071,2025-04-09 15:05:22,20.92,35.54,BuildingB_Floor2,TypeC
1035,2025-04-08 17:10:21,25.42,71.67,BuildingA_Floor1,TypeB
1030,2025-04-09 23:35:53,15.7,57.46,BuildingA_Floor1,TypeB
1063,2025-04-10 22:58:18,19.57,75.7,BuildingB_Floor1,TypeA
1066,2025-04-09 16:16:48,18.66,55.47,BuildingA_Floor1,TypeA
1098,2025-04-07 19:19:01,30.95,33.76,BuildingB_Floor2,TypeC
1065,2025-04-09 06:29:31,15.53,37.08,BuildingA_Floor1,TypeB
1011,2025-04-09 05:06:28,28.26,39.78,BuildingB_Floor2,TypeB
1059,2025-04-09 01:18:23,22.23,68.46,BuildingA_Floor1,TypeB
1092,2025-04-08 19:54:00,21.69,77.56,BuildingA_Floor1,TypeB
1090,2025-04-09 18:05:37,30.51,42.52,BuildingB_Floor2,TypeC
1073,2025-04-11 00:46:06,34.22,36.51,BuildingA_Floor2,TypeC
1030,2025-04-11 05:20:48,15.07,44.66,BuildingA_Floor1,TypeA
1099,2025-04-08 01:46:10,18.31,68.47,BuildingA_Floor2,TypeA
1084,2025-04-10 21:07:40,16.23,70.42,BuildingA_Floor2,TypeC
1076,2025-04-07 13:11:51,23.15,39.75,BuildingB_Floor1,TypeB
1085,2025-04-09 15:41:38,23.91,33.94,BuildingB_Floor1,TypeC
1017,2025-04-11 02:04:12,33.11,67.1,BuildingA_Floor1,TypeA
1075,2025-04-09 23:08:21,21.47,72.15,BuildingA_Floor1,TypeB
1074,2025-04-11 15:46:52,17.15,66.78,BuildingA_Floor1,TypeB
1015,2025-04-08 22:38:07,30.5,43.66,BuildingA_Floor2,TypeA
1028,2025-04-08 21:28:10,24.05,68.22,BuildingA_Floor1,TypeC
1024,2025-04-10 14:19:14,24.86,43.48,BuildingB_Floor1,TypeC
1001,2025-04-11 12:53:38,16.58,79.54,BuildingA_Floor2,TypeB
1078,2025-04-11 00:18:06,19.34,49.12,BuildingB_Floor1,TypeB
1061,2025-04-09 09:39:35,17.47,53.32,BuildingB_Floor2,TypeA
1005,2025-04-07 18:45:29,28.89,30.56,BuildingB_Floor2,TypeB
1027,2025-04-11 06:35:44,33.22,53.15,BuildingA_Floor1,TypeA
1093,2025-04-10 20:52:15,29.94,71.43,BuildingA_Floor1,TypeA
1036,2025-04-08 07:22:29,20.37,75.7,BuildingB_Floor2,TypeA
1042,2025-04-08 17:11:33,33.76,76.11,BuildingB_Floor2,TypeA
1037,2025-04-08 02:44:03,15.69,48.92,BuildingB_Floor2,TypeA
1024,2025-04-08 09:53:05,27.93,45.8,BuildingB_Floor1,TypeC
1070,2025-04-09 03:15:05,21.83,73.35,BuildingB_Floor2,TypeA
1037,2025-04-10 04:55:16,31.93,35.58,BuildingA_Floor2,TypeB
1088,2025-04-09 08:32:51,27.28,34.14,BuildingB_Floor2,TypeA
1060,2025-04-09 23:22:55,26.63,53.41,BuildingB_Floor2,TypeB
1073,2025-04-10 13:54:04,17.94,40.49,BuildingB_Floor1,TypeA
1097,2025-04-09 17:19:57,26.14,77.45,BuildingA_Floor1,TypeB
1075,2025-04-11 16:06:13,33.97,58.89,BuildingA_Floor2,TypeA
1039,2025-04-07 21:33:48,33.38,47.64,BuildingB_Floor1,TypeC
1002,2025-04-11 05:41:30,34.14,62.78,BuildingA_Floor1,TypeA
1024,2025-04-08 01:38:42,33.4,73.89,BuildingA_Floor1,TypeB
1076,2025-04-06 20:52:55,15.9,47.54,BuildingA_Floor1,TypeA
1061,2025-04-09 16:50:48,22.48,74.91,BuildingA_Floor2,TypeC
1045,2025-04-11 02:18:32,29.03,63.17,BuildingB_Floor1,TypeC
1081,2025-04-09 14:30:18,31.78,41.86,BuildingA_Floor1,TypeC
1025,2025-04-07 23:51:22,28.53,51.28,BuildingA_Floor2,TypeA
1093,2025-04-08 02:09:10,32.69,32.11,BuildingB_Floor2,TypeB
1067,2025-04-07 09:41:05,34.42,71.78,BuildingA_Floor2,TypeC
1040,2025-04-10 21:38:58,28.21,63.53,BuildingA_Floor2,TypeC
1012,2025-04-10 11:36:57,19.82,43.53,BuildingA_Floor1,TypeA
1014,2025-04-10 23:57:14,32.88,51.23,BuildingB_Floor2,TypeC
1044,2025-04-09 12:46:00,34.09,57.02,BuildingA_Floor1,TypeB
1020,2025-04-09 12:32:23,24.28,33.16,BuildingA_Floor2,TypeA
1022,2025-04-10 07:57:49,18.62,75.58,BuildingA_Floor2,TypeA
1086,2025-04-11 03:55:44,29.63,45.37,BuildingA_Floor1,TypeA
1091,2025-04-10 13:49:10,23.39,44.76,BuildingB_Floor2,TypeA
1092,2025-04-11 12:30:53,28.13,69.82,BuildingB_Floor1,TypeB
1058,2025-04-07 01:56:47,26.14,50.81,BuildingB_Floor2,TypeB
1080,2025-04-11 15:37:08,21.95,40.47,BuildingA_Floor2,TypeC
1028,2025-04-11 18:52:56,34.32,50.49,BuildingB_Floor2,TypeB
1049,2025-04-11 18:04:15,29.58,30.97,BuildingB_Floor2,TypeC
1038,2025-04-09 02:20:53,32.82,52.94,BuildingA_Floor2,TypeC
1017,2025-04-09 06:47:17,32.16,77.11,BuildingA_Floor2,TypeA
1016,2025-04-08 12:20:49,25.45,38.43,BuildingB_Floor1,TypeC
1090,2025-04-09 18:29:43,17.67,79.04,BuildingB_Floor1,TypeC
1043,2025-04-09 05:53:41,21.56,65.48,BuildingB_Floor1,TypeB
1098,2025-04-10 22:00:01,23.17,36.96,BuildingA_Floor1,TypeB
1064,2025-04-07 07:40:01,32.74,51.72,BuildingB_Floor1,TypeC
1075,2025-04-08 12:28:34,18.02,73.92,BuildingA_Floor2,TypeC
1035,2025-04-08 04:18:47,15.42,53.92,BuildingA_Floor2,TypeB
1088,2025-04-10 18:49:43,15.55,57.66,BuildingB_Floor2,TypeB
1051,2025-04-08 13:47:35,24.37,63.16,BuildingB_Floor2,TypeB
1079,2025-04-09 19:06:35,15.55,31.95,BuildingB_Floor1,TypeA
1049,2025-04-08 22:32:52,22.54,50.95,BuildingA_Floor1,TypeB
1056,2025-04-10 15:05:56,18.15,71.64,BuildingB_Floor1,TypeA
1000,2025-04-09 00:21:30,30.33,33.61,BuildingA_Floor1,TypeC
1050,2025-04-08 19:10:26,19.99,32.61,BuildingB_Floor2,TypeC
1060,2025-04-09 02:03:10,32.56,54.51,BuildingA_Floor1,TypeB
1100,2025-04-08 16:44:20,20.31,48.72,BuildingA_Floor2,TypeC
1015,2025-04-09 12:14:53,25.76,79.68,BuildingA_Floor1,TypeA
1086,2025-04-07 06:03:30,20.14,42.77,BuildingB_Floor1,TypeB
1100,2025-04-11 20:08:50,24.11,61.74,BuildingB_Floor2,TypeB
1016,2025-04-11 03:49:27,28.3,54.75,BuildingA_Floor1,TypeA
1020,2025-04-08 13:12:13,30.31,75.22,BuildingA_Floor2,TypeA
1059,2025-04-07 05:55:40,28.22,53.21,BuildingB_Floor1,TypeB
1086,2025-04-08 08:23:13,18.37,47.64,BuildingB_Floor2,TypeC
1016,2025-04-10 05:58:29,15.75,72.48,BuildingB_Floor1,TypeB
1007,2025-04-09 02:06:17,19.96,70.5,BuildingA_Floor2,TypeC
1070,2025-04-07 23:05:21,21.8,71.57,BuildingB_Floor1,TypeC
1096,2025-04-07 08:42:54,15.41,70.79,BuildingA_Floor1,TypeC
1089,2025-04-09 20:52:47,16.25,58.38,BuildingA_Floor1,TypeA
1096,2025-04-06 20:49:26,19.08,54.77,BuildingA_Floor2,TypeB
1068,2025-04-11 10:06:10,32.54,43.26,BuildingA_Floor1,TypeA
1075,2025-04-08 19:30:12,22.53,53.23,BuildingB_Floor1,TypeA
1061,2025-04-07 04:50:40,29.79,42.9,BuildingA_Floor2,TypeC
1026,2025-04-10 05:47:47,27.18,41.34,BuildingA_Floor1,TypeC
1017,2025-04-06 23:14:28,26.85,57.57,BuildingA_Floor1,TypeB
1075,2025-04-11 01:09:31,23.69,45.11,BuildingB_Floor1,TypeC
1077,2025-04-09 19:21:19,24.81,74.99,BuildingA_Floor2,TypeC
1020,2025-04-07 13:13:47,27.26,31.27,BuildingA_Floor2,TypeA
1093,2025-04-09 20:28:27,19.28,65.32,BuildingA_Floor1,TypeC
1073,2025-04-11 05:31:50,21.8,35.27,BuildingB_Floor1,TypeA
1003,2025-04-09 17:41:43,29.36,56.85,BuildingA_Floor2,TypeC
1033,2025-04-11 01:34:29,20.71,38.77,BuildingB_Floor2,TypeC
1032,2025-04-10 08:30:27,33.28,43.62,BuildingB_Floor2,TypeA
1057,2025-04-11 15:18:38,27.98,64.39,BuildingA_Floor1,TypeA
1087,2025-04-08 03:48:54,17.21,35.22,BuildingA_Floor1,TypeC
1027,2025-04-08 19:50:24,15.22,68.98,BuildingB_Floor1,TypeA
1099,2025-04-07 16:32:02,24.59,55.45,BuildingB_Floor2,TypeC
1050,2025-04-09 21:10:28,15.59,64.28,BuildingA_Floor2,TypeC
1010,2025-04-09 14:31:08,33.72,40.52,BuildingB_Floor1,TypeA
1076,2025-04-08 05:31:56,34.79,64.54,BuildingB_Floor2,TypeB
1080,2025-04-10 08:30:44,22.21,79.82,BuildingB_Floor1,TypeB
1084,2025-04-10 07:56:56,28.28,55.65,BuildingB_Floor2,TypeB
1011,2025-04-09 17:51:27,20.04,47.62,BuildingB_Floor1,TypeA
1045,2025-04-11 06:17:08,21.92,34.08,BuildingA_Floor1,TypeA
1030,2025-04-10 12:24:17,19.72,55.73,BuildingA_Floor1,TypeC
1049,2025-04-09 13:29:22,27.63,71.4,BuildingA_Floor1,TypeB
1048,2025-04-07 18:08:21,29.17,35.88,BuildingA_Floor2,TypeB
1066,2025-04-07 03:57:50,32.12,60.54,BuildingA_Floor2,TypeC
1018,2025-04-11 01:59:26,16.83,60.83,BuildingA_Floor1,TypeC
1097,2025-04-08 19:27:17,32.94,74.33,BuildingA_Floor1,TypeA
1061,2025-04-10 12:56:55,31.25,75.65,BuildingA_Floor1,TypeC
1054,2025-04-10 18:41:18,28.76,68.12,BuildingA_Floor2,TypeC
1043,2025-04-09 15:43:44,17.78,31.09,BuildingA_Floor2,TypeC
1065,2025-04-09 14:08:14,29.78,32.21,BuildingA_Floor2,TypeC
1035,2025-04-08 09:23:28,27.8,46.46,BuildingB_Floor1,TypeB
1084,2025-04-11 10:18:10,23.31,71.61,BuildingB_Floor1,TypeC
1043,2025-04-09 04:15:12,16.33,72.37,BuildingB_Floor2,TypeB
1074,2025-04-06 23:34:39,20.72,39.4,BuildingA_Floor1,TypeC
1095,2025-04-08 12:52:54,19.77,69.13,BuildingA_Floor1,TypeA
1034,2025-04-09 22:30:39,26.88,47.14,BuildingB_Floor2,TypeB
1085,2025-04-10 23:49:25,16.59,32.03,BuildingA_Floor2,TypeA
1018,2025-04-07 09:26:10,19.59,41.65,BuildingB_Floor2,TypeB
1084,2025-04-10 19:06:40,15.9,38.35,BuildingB_Floor1,TypeA
1001,2025-04-10 10:46:13,23.29,71.26,BuildingB_Floor1,TypeC
1053,2025-04-08 18:04:45,34.84,73.05,BuildingB_Floor2,TypeB
1096,2025-04-07 11:04:29,15.57,33.18,BuildingB_Floor2,TypeB
1026,2025-04-09 00:45:20,32.58,46.32,BuildingB_Floor1,TypeA
1024,2025-04-07 17:41:29,32.23,44.94,BuildingB_Floor1,TypeA
1018,2025-04-11 11:16:30,21.52,76.46,BuildingA_Floor2,TypeA
1040,2025-04-07 08:11:58,17.74,67.97,BuildingA_Floor1,TypeB
1074,2025-04-08 18:37:53,16.9,37.6,BuildingA_Floor2,TypeA
1077,2025-04-11 01:08:48,30.0,66.83,BuildingA_Floor1,TypeC
1080,2025-04-07 02:30:29,20.82,41.29,BuildingA_Floor2,TypeA
1043,2025-04-07 12:28:53,18.38,41.53,BuildingB_Floor1,TypeC
1061,2025-04-09 23:23:04,30.55,67.29,BuildingA_Floor2,TypeB
1036,2025-04-10 21:28:18,29.81,77.63,BuildingB_Floor2,TypeA
1034,2025-04-09 01:17:51,15.85,36.54,BuildingA_Floor1,TypeB
1010,2025-04-11 14:37:50,26.07,70.69,BuildingA_Floor2,TypeB
1024,2025-04-09 08:23:50,26.42,59.39,BuildingA_Floor2,TypeC
1076,2025-04-09 19:12:49,17.49,79.16,BuildingA_Floor1,TypeA
1003,2025-04-07 13:51:22,31.06,43.46,BuildingB_Floor2,TypeC
1000,2025-04-10 13:34:33,15.69,41.15,BuildingA_Floor1,TypeB
1024,2025-04-10 15:20:43,27.53,35.63,BuildingB_Floor2,TypeA
1093,2025-04-08 16:54:38,33.11,50.16,BuildingA_Floor2,TypeB
1030,2025-04-08 05:50:05,30.8,40.92,BuildingB_Floor2,TypeA
1074,2025-04-07 20:36:50,24.35,40.52,BuildingA_Floor2,TypeC
1049,2025-04-09 22:45:01,25.37,47.78,BuildingB_Floor2,TypeC
1043,2025-04-08 18:25:16,26.23,48.23,BuildingB_Floor2,TypeC
1039,2025-04-09 07:23:53,24.56,69.65,BuildingB_Floor1,TypeC
1096,2025-04-09 05:42:01,30.26,46.87,BuildingB_Floor1,TypeB
1049,2025-04-08 20:10:08,28.75,47.08,BuildingB_Floor2,TypeB
1024,2025-04-08 03:39:05,20.16,49.4,BuildingA_Floor1,TypeA
1049,2025-04-07 12:44:42,33.04,41.75,BuildingA_Floor2,TypeA
1094,2025-04-11 09:35:18,18.41,57.3,BuildingA_Floor1,TypeB
1098,2025-04-10 22:41:31,28.74,53.76,BuildingB_Floor1,TypeB
1035,2025-04-09 03:09:26,31.6,68.4,BuildingB_Floor2,TypeA
1056,2025-04-08 10:43:40,16.48,40.09,BuildingB_Floor1,TypeA
1053,2025-04-10 19:48:04,29.43,58.36,BuildingA_Floor1,TypeA
1062,2025-04-11 12:35:47,29.99,64.37,BuildingA_Floor1,TypeB
1040,2025-04-10 14:00:53,32.9,67.08,BuildingA_Floor2,TypeB
1097,2025-04-09 08:13:52,15.56,63.27,BuildingB_Floor2,TypeC
1082,2025-04-08 07:16:27,29.44,56.33,BuildingB_Floor2,TypeB
1051,2025-04-08 17:19:00,22.12,35.2,BuildingB_Floor2,TypeC
1080,2025-04-11 11:55:06,25.57,64.37,BuildingB_Floor2,TypeC
1066,2025-04-08 03:09:28,25.91,68.47,BuildingB_Floor2,TypeC
1036,2025-04-08 04:47:29,21.58,59.88,BuildingA_Floor1,TypeA
1049,2025-04-09 21:38:08,28.17,51.19,BuildingB_Floor2,TypeB
1083,2025-04-10 20:58:50,25.47,53.07,BuildingA_Floor1,TypeC
1063,2025-04-10 00:16:51,32.29,33.88,BuildingA_Floor2,TypeB
1098,2025-04-09 14:20:32,18.97,61.21,BuildingA_Floor2,TypeC
1086,2025-04-07 10:29:24,20.48,70.91,BuildingB_Floor1,TypeC
1012,2025-04-11 00:22:55,34.88,58.69,BuildingA_Floor2,TypeA
1100,2025-04-10 05:56:01,30.9,44.73,BuildingB_Floor1,TypeB
1004,2025-04-07 04:23:02,17.46,50.46,BuildingB_Floor2,TypeA
1006,2025-04-10 13:18:22,21.07,77.9,BuildingB_Floor2,TypeA
1099,2025-04-09 03:06:08,17.17,46.24,BuildingA_Floor1,TypeB
1076,2025-04-10 04:25:45,30.31,49.43,BuildingA_Floor1,TypeC
1053,2025-04-08 22:40:16,24.92,73.93,BuildingB_Floor1,TypeC
1088,2025-04-10 05:57:25,21.96,62.48,BuildingA_Floor1,TypeA
1066,2025-04-07 20:23:57,31.4,54.06,BuildingA_Floor1,TypeC
1087,2025-04-10 15:56:09,19.47,30.69,BuildingA_Floor1,TypeA
1096,2025-04-11 17:53:07,31.81,75.32,BuildingA_Floor2,TypeC
1070,2025-04-09 05:10:34,25.39,36.62,BuildingB_Floor1,TypeA
1029,2025-04-07 05:50:30,19.6,65.25,BuildingA_Floor1,TypeB
1044,2025-04-06 21:29:17,32.63,72.18,BuildingB_Floor1,TypeC
1084,2025-04-09 18:41:51,22.08,74.78,BuildingA_Floor1,TypeA
1079,2025-04-11 14:14:28,24.96,37.24,BuildingA_Floor2,TypeB
1050,2025-04-08 09:00:40,16.98,61.76,BuildingB_Floor2,TypeC
1047,2025-04-08 10:41:04,16.09,46.82,BuildingB_Floor2,TypeB
1014,2025-04-09 13:33:26,28.39,35.67,BuildingA_Floor1,TypeB
1029,2025-04-11 00:34:01,23.17,55.89,BuildingA_Floor1,TypeB
1074,2025-04-07 02:24:08,29.17,75.96,BuildingA_Floor2,TypeB
1019,2025-04-11 17:18:00,26.71,74.42,BuildingA_Floor1,TypeB
1009,2025-04-09 17:51:20,31.91,63.53,BuildingA_Floor2,TypeA
1080,2025-04-09 14:41:18,30.52,78.17,BuildingB_Floor2,TypeA
1054,2025-04-11 12:42:30,16.19,53.15,BuildingB_Floor2,TypeA
1057,2025-04-07 19:27:11,27.1,40.94,BuildingB_Floor1,TypeB
1094,2025-04-10 20:31:42,26.44,75.2,BuildingB_Floor2,TypeB
1074,2025-04-09 13:41:25,26.31,51.02,BuildingA_Floor2,TypeC
1029,2025-04-08 22:27:29,29.11,61.74,BuildingB_Floor1,TypeC
1095,2025-04-08 12:10:16,29.85,77.9,BuildingA_Floor1,TypeB
1031,2025-04-08 13:48:09,15.87,47.34,BuildingA_Floor2,TypeB
1007,2025-04-10 18:12:57,27.76,42.48,BuildingB_Floor2,TypeC
1074,2025-04-07 04:30:45,18.11,59.45,BuildingB_Floor1,TypeC
1050,2025-04-07 11:28:23,27.3,67.39,BuildingB_Floor2,TypeA
1070,2025-04-08 03:57:14,21.92,62.73,BuildingB_Floor1,TypeB
1037,2025-04-08 13:09:34,34.49,45.14,BuildingA_Floor1,TypeC
1075,2025-04-09 00:01:57,18.24,78.07,BuildingB_Floor1,TypeC
1001,2025-04-07 04:34:43,32.7,55.23,BuildingA_Floor1,TypeB
1016,2025-04-11 11:09:24,29.09,36.97,BuildingA_Floor2,TypeB
1034,2025-04-10 18:19:53,22.39,68.43,BuildingB_Floor1,TypeA
1075,2025-04-09 02:48:13,27.28,78.05,BuildingA_Floor1,TypeB
1080,2025-04-06 20:46:31,32.43,37.91,BuildingA_Floor2,TypeC
1049,2025-04-10 15:52:42,26.9,42.1,BuildingA_Floor2,TypeA
1004,2025-04-11 19:06:17,25.57,68.18,BuildingB_Floor1,TypeC
1043,2025-04-08 10:12:57,25.49,79.19,BuildingA_Floor2,TypeB
1085,2025-04-08 19:52:48,30.32,62.99,BuildingA_Floor2,TypeC
1028,2025-04-11 17:01:01,24.8,46.9,BuildingB_Floor1,TypeA
1053,2025-04-09 15:01:58,34.96,75.85,BuildingB_Floor1,TypeC
1003,2025-04-07 11:54:40,25.41,68.42,BuildingA_Floor2,TypeC
1050,2025-04-09 10:23:25,15.38,44.19,BuildingB_Floor2,TypeA
1009,2025-04-11 20:02:57,31.38,72.65,BuildingA_Floor1,TypeA
1013,2025-04-09 18:57:16,33.95,74.7,BuildingA_Floor1,TypeC
1014,2025-04-10 00:13:34,25.77,33.45,BuildingB_Floor1,TypeB
1028,2025-04-11 20:12:35,31.04,52.1,BuildingB_Floor2,TypeB
1033,2025-04-09 18:06:04,33.02,77.68,BuildingA_Floor2,TypeB
1068,2025-04-08 23:33:19,18.14,59.73,BuildingB_Floor1,TypeA
1076,2025-04-09 05:51:53,19.5,43.04,BuildingA_Floor1,TypeB
1064,2025-04-08 09:54:10,24.99,51.26,BuildingA_Floor2,TypeA
1085,2025-04-11 03:55:47,15.83,74.53,BuildingA_Floor1,TypeB
1062,2025-04-10 19:39:07,20.32,75.5,BuildingB_Floor2,TypeA
1013,2025-04-09 23:53:14,32.56,50.32,BuildingB_Floor2,TypeC
1070,2025-04-10 16:16:41,21.66,50.08,BuildingB_Floor2,TypeC
1001,2025-04-11 07:18:00,27.33,69.09,BuildingA_Floor2,TypeC
1098,2025-04-07 20:23:00,19.31,67.96,BuildingB_Floor1,TypeB
1012,2025-04-10 05:30:39,27.98,52.11,BuildingB_Floor1,TypeC
1058,2025-04-08 09:55:41,26.35,35.77,BuildingA_Floor2,TypeA
1040,2025-04-09 11:42:05,32.06,69.81,BuildingA_Floor2,TypeA
1043,2025-04-10 10:59:55,32.66,78.47,BuildingA_Floor2,TypeC
1060,2025-04-08 22:01:12,19.33,49.25,BuildingA_Floor1,TypeB
1065,2025-04-07 16:49:36,29.8,65.14,BuildingA_Floor2,TypeB
1059,2025-04-10 16:33:16,26.57,44.57,BuildingB_Floor1,TypeA
1044,2025-04-08 01:11:25,33.64,73.93,BuildingA_Floor2,TypeB
1050,2025-04-11 00:04:14,31.71,53.58,BuildingB_Floor2,TypeC
1021,2025-04-09 14:37:53,26.56,50.19,BuildingB_Floor1,TypeC
1051,2025-04-08 11:01:58,28.49,38.16,BuildingA_Floor1,TypeA
1061,2025-04-07 10:25:29,22.46,60.41,BuildingB_Floor1,TypeB
1092,2025-04-07 22:18:28,15.6,33.09,BuildingB_Floor2,TypeB
1095,2025-04-08 10:01:58,16.33,65.01,BuildingA_Floor2,TypeA
1001,2025-04-08 06:29:43,15.3,41.13,BuildingB_Floor1,TypeA
1024,2025-04-07 03:40:51,15.78,56.79,BuildingB_Floor1,TypeA
1090,2025-04-10 09:03:31,32.37,55.14,BuildingA_Floor1,TypeA
1041,2025-04-11 10:08:27,24.56,36.34,BuildingA_Floor2,TypeC
1070,2025-04-07 22:35:53,16.53,70.79,BuildingA_Floor1,TypeB
1029,2025-04-07 07:04:14,15.79,45.53,BuildingB_Floor2,TypeC
1088,2025-04-07 22:18:53,25.76,45.41,BuildingA_Floor1,TypeB
1080,2025-04-07 21:24:08,34.74,48.53,BuildingA_Floor2,TypeB
1054,2025-04-09 18:15:36,29.83,62.88,BuildingB_Floor2,TypeC
1027,2025-04-07 20:14:39,21.14,79.96,BuildingA_Floor2,TypeB
1087,2025-04-11 14:22:35,30.72,32.61,BuildingA_Floor2,TypeC
1070,2025-04-07 01:32:36,25.56,48.78,BuildingB_Floor1,TypeC
1000,2025-04-08 03:42:29,31.03,52.55,BuildingB_Floor2,TypeC
1071,2025-04-08 10:46:03,17.52,51.96,BuildingB_Floor2,TypeA
1032,2025-04-09 15:23:54,28.63,30.82,BuildingB_Floor2,TypeB
1069,2025-04-11 19:06:57,33.98,75.01,BuildingA_Floor2,TypeB
1076,2025-04-08 11:12:24,26.69,40.81,BuildingB_Floor2,TypeC
1069,2025-04-08 15:56:52,30.83,42.38,BuildingA_Floor2,TypeC
1034,2025-04-09 10:09:47,30.83,75.14,BuildingA_Floor2,TypeC
1039,2025-04-11 06:07:56,23.05,68.55,BuildingA_Floor1,TypeA
1096,2025-04-09 14:36:30,18.71,39.39,BuildingB_Floor2,TypeC
1093,2025-04-06 22:10:52,33.82,64.25,BuildingB_Floor1,TypeB
1088,2025-04-08 11:08:08,27.31,30.41,BuildingB_Floor2,TypeA
1098,2025-04-08 16:15:17,28.6,39.93,BuildingB_Floor2,TypeA
1054,2025-04-07 03:59:39,20.75,58.3,BuildingB_Floor1,TypeC
1015,2025-04-10 17:43:37,18.09,61.29,BuildingB_Floor1,TypeC
1065,2025-04-09 13:23:22,18.22,69.24,BuildingA_Floor2,TypeC
1005,2025-04-10 19:36:54,16.77,62.74,BuildingB_Floor2,TypeB
1037,2025-04-09 00:41:24,34.71,76.76,BuildingA_Floor2,TypeA
1049,2025-04-09 03:36:49,34.54,38.32,BuildingB_Floor2,TypeC
1058,2025-04-10 04:04:10,32.07,55.18,BuildingB_Floor2,TypeA
1009,2025-04-08 03:42:55,33.38,77.16,BuildingA_Floor2,TypeC
1013,2025-04-07 22:58:38,34.22,39.37,BuildingB_Floor1,TypeB
1079,2025-04-10 19:55:38,25.58,55.79,BuildingB_Floor2,TypeB
1090,2025-04-10 12:54:46,34.3,69.35,BuildingA_Floor2,TypeA
1041,2025-04-09 06:08:05,29.05,59.91,BuildingB_Floor2,TypeC
1028,2025-04-10 12:56:43,30.35,41.24,BuildingA_Floor2,TypeB
1096,2025-04-09 03:41:49,29.67,74.5,BuildingB_Floor2,TypeC
1077,2025-04-07 02:49:56,30.45,73.57,BuildingB_Floor1,TypeC
1000,2025-04-09 03:43:30,26.05,69.21,BuildingA_Floor2,TypeB
1040,2025-04-09 08:25:46,23.0,30.58,BuildingA_Floor1,TypeB
1022,2025-04-11 03:17:35,33.87,35.21,BuildingB_Floor1,TypeC
1007,2025-04-08 13:08:20,27.72,30.85,BuildingA_Floor1,TypeB
1041,2025-04-08 04:03:07,27.29,69.79,BuildingA_Floor2,TypeC
1003,2025-04-08 19:18:49,17.41,55.59,BuildingB_Floor2,TypeB
1089,2025-04-09 11:56:11,18.46,54.55,BuildingB_Floor1,TypeB
1061,2025-04-07 02:02:28,24.98,41.34,BuildingA_Floor2,TypeA
1034,2025-04-07 14:19:08,25.08,78.34,BuildingB_Floor1,TypeB
1030,2025-04-11 10:11:23,34.77,52.8,BuildingA_Floor1,TypeC
1084,2025-04-09 21:54:02,18.06,56.19,BuildingA_Floor1,TypeA
1035,2025-04-09 14:51:27,31.51,37.78,BuildingB_Floor1,TypeA
1099,2025-04-08 21:02:23,20.39,59.79,BuildingB_Floor2,TypeC
1017,2025-04-07 12:58:43,20.09,42.32,BuildingA_Floor1,TypeA
1045,2025-04-08 03:42:29,25.59,60.95,BuildingA_Floor2,TypeC
1043,2025-04-10 11:03:57,16.53,59.52,BuildingB_Floor2,TypeC
1033,2025-04-08 03:24:08,32.33,75.69,BuildingB_Floor2,TypeC
1055,2025-04-08 17:32:27,31.92,54.29,BuildingB_Floor1,TypeB
1050,2025-04-07 15:25:20,26.86,38.85,BuildingB_Floor2,TypeC
1009,2025-04-07 02:33:02,23.31,61.67,BuildingB_Floor1,TypeC
1015,2025-04-09 18:53:34,27.26,42.56,BuildingB_Floor2,TypeC
1012,2025-04-10 06:56:54,26.7,33.53,BuildingB_Floor2,TypeC
1024,2025-04-10 06:30:49,17.38,33.56,BuildingA_Floor1,TypeB
1031,2025-04-07 22:43:22,19.12,70.87,BuildingA_Floor1,TypeB
1041,2025-04-06 23:59:44,17.62,41.98,BuildingA_Floor1,TypeC
1057,2025-04-08 15:58:55,33.35,31.27,BuildingB_Floor2,TypeC
1071,2025-04-07 01:02:00,18.93,50.85,BuildingA_Floor1,TypeB
1071,2025-04-11 15:04:02,33.6,72.91,BuildingB_Floor1,TypeA
1083,2025-04-11 11:44:26,24.26,42.51,BuildingA_Floor1,TypeB
1071,2025-04-09 20:17:37,16.5,63.34,BuildingA_Floor1,TypeC
1070,2025-04-08 11:21:43,19.19,46.28,BuildingB_Floor1,TypeA
1024,2025-04-07 05:30:32,20.88,49.02,BuildingA_Floor1,TypeB
1091,2025-04-09 01:43:11,22.59,46.64,BuildingA_Floor1,TypeC
1041,2025-04-10 03:08:42,25.02,38.3,BuildingA_Floor1,TypeC
1010,2025-04-09 20:55:36,32.67,77.44,BuildingA_Floor2,TypeC
1088,2025-04-08 00:53:21,28.77,77.22,BuildingB_Floor1,TypeC
1056,2025-04-10 09:39:52,24.56,67.39,BuildingB_Floor2,TypeB
1020,2025-04-10 20:11:42,33.65,55.3,BuildingB_Floor2,TypeB
1044,2025-04-10 17:45:36,27.52,62.94,BuildingB_Floor1,TypeC
1059,2025-04-10 16:56:16,34.85,76.54,BuildingA_Floor2,TypeA
1061,2025-04-09 14:33:09,27.52,42.0,BuildingA_Floor1,TypeA
1032,2025-04-07 05:52:33,27.25,43.98,BuildingB_Floor1,TypeC
1028,2025-04-08 02:38:55,28.3,62.16,BuildingA_Floor1,TypeB
1015,2025-04-08 04:20:28,32.81,36.4,BuildingB_Floor1,TypeB
1022,2025-04-08 08:01:52,32.82,78.71,BuildingB_Floor2,TypeB
1059,2025-04-08 11:07:07,20.22,66.79,BuildingB_Floor2,TypeB
1028,2025-04-10 23:42:52,28.43,63.98,BuildingB_Floor1,TypeB
1067,2025-04-08 01:46:53,27.87,79.84,BuildingB_Floor2,TypeC
1037,2025-04-07 21:28:36,18.02,50.82,BuildingB_Floor1,TypeB
1051,2025-04-08 16:42:25,18.44,60.13,BuildingA_Floor2,TypeC
1079,2025-04-07 23:41:14,28.73,78.16,BuildingB_Floor2,TypeB
1096,2025-04-11 09:14:40,25.45,58.0,BuildingA_Floor1,TypeB
1034,2025-04-07 04:06:51,20.6,67.16,BuildingB_Floor1,TypeC
1045,2025-04-11 01:21:25,34.4,75.58,BuildingB_Floor2,TypeA
1023,2025-04-10 19:49:03,16.54,69.05,BuildingB_Floor2,TypeB
1096,2025-04-09 08:40:46,27.15,44.05,BuildingA_Floor2,TypeA
1058,2025-04-11 02:56:58,22.48,41.83,BuildingB_Floor2,TypeC
1066,2025-04-08 02:36:51,27.01,77.7,BuildingB_Floor2,TypeA
1057,2025-04-09 04:24:02,27.17,59.61,BuildingA_Floor2,TypeA
1072,2025-04-07 06:16:20,15.09,66.75,BuildingA_Floor1,TypeC
1054,2025-04-09 22:26:18,25.75,40.8,BuildingB_Floor1,TypeB
1039,2025-04-07 00:44:17,31.3,68.62,BuildingA_Floor2,TypeB
1070,2025-04-11 04:55:04,16.01,44.66,BuildingA_Floor1,TypeC
1048,2025-04-10 21:33:47,21.28,56.45,BuildingA_Floor1,TypeC
1043,2025-04-09 20:26:58,27.06,30.4,BuildingB_Floor2,TypeA
1074,2025-04-09 23:18:09,22.81,52.67,BuildingA_Floor2,TypeB
1077,2025-04-07 08:26:41,21.83,68.12,BuildingA_Floor1,TypeC
1087,2025-04-06 21:29:26,31.65,31.73,BuildingB_Floor1,TypeA
1061,2025-04-07 15:03:46,25.71,45.43,BuildingA_Floor2,TypeC
1036,2025-04-10 20:24:58,17.03,37.94,BuildingB_Floor1,TypeC
1079,2025-04-09 15:49:46,17.01,57.76,BuildingA_Floor2,TypeA
1043,2025-04-11 19:12:49,32.97,48.86,BuildingB_Floor1,TypeC
1053,2025-04-10 03:04:35,27.01,34.23,BuildingA_Floor2,TypeB
1095,2025-04-09 07:08:07,28.39,77.42,BuildingB_Floor1,TypeB
1003,2025-04-11 17:06:58,33.94,35.02,BuildingA_Floor1,TypeB
1094,2025-04-08 12:56:02,29.47,53.77,BuildingB_Floor2,TypeB
1018,2025-04-07 10:48:31,31.17,45.18,BuildingA_Floor1,TypeA
1068,2025-04-07 05:37:31,25.33,52.21,BuildingB_Floor1,TypeB
1098,2025-04-07 04:01:27,32.32,35.15,BuildingB_Floor2,TypeB
1028,2025-04-11 17:46:46,27.58,74.29,BuildingB_Floor1,TypeA
1022,2025-04-11 17:53:45,29.31,37.69,BuildingA_Floor2,TypeA
1032,2025-04-07 04:45:36,26.74,62.01,BuildingA_Floor1,TypeB
1023,2025-04-11 15:51:50,34.42,75.42,BuildingA_Floor2,TypeA
1070,2025-04-07 13:26:26,18.92,74.2,BuildingA_Floor2,TypeC
1078,2025-04-08 20:24:36,17.0,57.81,BuildingB_Floor1,TypeB
1094,2025-04-08 08:14:36,34.92,35.98,BuildingA_Floor1,TypeC
1058,2025-04-08 10:38:55,24.95,55.43,BuildingA_Floor2,TypeC
1025,2025-04-11 08:21:59,19.34,30.51,BuildingB_Floor1,TypeB
1070,2025-04-09 15:21:05,16.13,68.61,BuildingA_Floor1,TypeC
1032,2025-04-10 12:58:29,15.07,37.0,BuildingA_Floor2,TypeA
1044,2025-04-09 15:52:18,26.34,31.19,BuildingB_Floor2,TypeA
1052,2025-04-09 01:44:51,29.15,45.44,BuildingB_Floor2,TypeB
1074,2025-04-08 05:59:35,19.46,47.43,BuildingA_Floor1,TypeC
1071,2025-04-09 14:12:50,18.32,43.77,BuildingA_Floor2,TypeC
1023,2025-04-09 06:01:11,23.94,56.31,BuildingB_Floor2,TypeB
1040,2025-04-11 10:23:10,33.4,69.23,BuildingB_Floor1,TypeC
1089,2025-04-11 15:08:55,16.84,46.32,BuildingB_Floor1,TypeC
1004,2025-04-11 12:08:47,21.67,43.33,BuildingB_Floor1,TypeC
1036,2025-04-11 16:35:03,30.26,44.16,BuildingA_Floor2,TypeB
1026,2025-04-11 01:09:16,23.83,69.55,BuildingA_Floor2,TypeA
1043,2025-04-10 22:41:53,23.68,68.68,BuildingA_Floor1,TypeA
1002,2025-04-10 05:00:33,17.85,43.18,BuildingB_Floor1,TypeC
1093,2025-04-10 19:36:36,18.99,49.97,BuildingB_Floor1,TypeA
1046,2025-04-08 22:49:50,21.78,56.7,BuildingA_Floor1,TypeB
1029,2025-04-07 22:32:54,20.87,32.76,BuildingB_Floor1,TypeC
1079,2025-04-08 17:50:47,34.24,35.33,BuildingB_Floor2,TypeC
1043,2025-04-09 00:42:35,25.06,52.05,BuildingB_Floor1,TypeA
1073,2025-04-09 02:35:41,15.4,71.81,BuildingA_Floor1,TypeA
1071,2025-04-08 13:41:29,21.68,48.92,BuildingA_Floor1,TypeA
1066,2025-04-08 13:21:51,21.45,72.03,BuildingB_Floor1,TypeA
1001,2025-04-09 06:03:22,16.85,44.41,BuildingA_Floor1,TypeC
1041,2025-04-11 17:02:14,31.16,78.21,BuildingA_Floor2,TypeC
1054,2025-04-11 05:20:03,28.73,54.14,BuildingA_Floor1,TypeB
1059,2025-04-09 07:13:48,21.19,70.87,BuildingA_Floor1,TypeB
1045,2025-04-09 10:49:18,20.93,49.77,BuildingA_Floor1,TypeA
1064,2025-04-07 15:27:28,16.29,65.69,BuildingA_Floor1,TypeB
1055,2025-04-07 01:36:28,32.03,32.5,BuildingB_Floor2,TypeC
1080,2025-04-07 14:09:34,23.76,65.0,BuildingA_Floor2,TypeC
1048,2025-04-08 22:56:47,26.31,46.92,BuildingA_Floor2,TypeA
1048,2025-04-08 16:53:26,18.06,65.99,BuildingA_Floor2,TypeB
1014,2025-04-11 09:04:36,19.51,33.47,BuildingA_Floor1,TypeA
1100,2025-04-07 09:10:50,23.07,48.07,BuildingA_Floor2,TypeC
1017,2025-04-11 02:04:08,23.18,43.69,BuildingB_Floor1,TypeC
1047,2025-04-08 03:49:22,18.99,44.24,BuildingB_Floor2,TypeA
1089,2025-04-10 19:03:35,27.69,74.83,BuildingB_Floor2,TypeB
1010,2025-04-07 21:28:00,20.23,39.71,BuildingA_Floor1,TypeB
1041,2025-04-10 01:30:35,15.27,41.04,BuildingB_Floor2,TypeB
1090,2025-04-09 02:59:40,19.11,42.79,BuildingA_Floor2,TypeA
1033,2025-04-11 08:12:46,32.03,42.46,BuildingB_Floor2,TypeA
1077,2025-04-06 22:00:05,34.8,67.8,BuildingB_Floor2,TypeA
1091,2025-04-09 16:36:52,17.29,56.64,BuildingA_Floor2,TypeA
1058,2025-04-10 20:05:10,21.79,70.01,BuildingA_Floor2,TypeA
1086,2025-04-10 01:29:45,26.16,66.16,BuildingA_Floor1,TypeC
1069,2025-04-08 08:47:21,16.2,40.09,BuildingA_Floor2,TypeA
1089,2025-04-07 05:00:57,31.53,34.39,BuildingB_Floor1,TypeB
1014,2025-04-07 03:08:32,34.16,58.39,BuildingB_Floor1,TypeB
1097,2025-04-10 07:20:19,26.55,77.91,BuildingA_Floor1,TypeB
1031,2025-04-11 10:48:14,18.17,49.22,BuildingB_Floor1,TypeA
1060,2025-04-10 16:45:43,22.31,50.43,BuildingA_Floor2,TypeC
1067,2025-04-08 07:38:35,28.22,70.09,BuildingA_Floor1,TypeB
1088,2025-04-11 15:06:06,16.94,76.63,BuildingA_Floor2,TypeC
1043,2025-04-08 17:29:09,30.99,31.53,BuildingB_Floor1,TypeA
1004,2025-04-10 08:19:26,31.89,61.26,BuildingB_Floor1,TypeC
1079,2025-04-08 10:02:54,17.03,71.24,BuildingA_Floor2,TypeB
1041,2025-04-09 14:14:36,26.6,69.61,BuildingA_Floor1,TypeB
1014,2025-04-06 22:00:22,27.55,51.45,BuildingB_Floor2,TypeA
1025,2025-04-07 10:46:08,23.61,65.78,BuildingA_Floor2,TypeC
1090,2025-04-10 07:52:18,23.16,64.7,BuildingB_Floor2,TypeB
1096,2025-04-11 11:57:41,16.87,35.82,BuildingB_Floor1,TypeA
1046,2025-04-08 21:11:45,30.46,49.0,BuildingB_Floor2,TypeC
1005,2025-04-10 12:01:32,30.33,61.35,BuildingA_Floor1,TypeB
1010,2025-04-08 11:22:31,19.19,49.72,BuildingB_Floor2,TypeA
1063,2025-04-10 08:18:05,31.11,47.67,BuildingB_Floor1,TypeB
1019,2025-04-10 21:31:55,18.46,34.56,BuildingA_Floor1,TypeC
1004,2025-04-07 16:40:13,28.76,55.8,BuildingB_Floor1,TypeB
1006,2025-04-08 04:03:24,25.41,65.79,BuildingA_Floor1,TypeC
1023,2025-04-08 06:18:07,16.0,53.33,BuildingB_Floor1,TypeA
1017,2025-04-09 21:20:35,16.89,49.5,BuildingA_Floor2,TypeB
1090,2025-04-07 19:27:35,20.62,68.6,BuildingB_Floor2,TypeC
1027,2025-04-09 09:23:00,24.99,40.99,BuildingA_Floor1,TypeB
1100,2025-04-11 05:14:39,31.35,40.96,BuildingA_Floor1,TypeC
1040,2025-04-09 22:00:05,19.54,59.93,BuildingB_Floor2,TypeC
1013,2025-04-06 23:33:16,22.76,45.11,BuildingA_Floor1,TypeB
1048,2025-04-08 04:26:36,18.26,79.59,BuildingA_Floor1,TypeA
1044,2025-04-07 07:57:19,16.54,39.31,BuildingB_Floor2,TypeC
1051,2025-04-11 12:57:42,27.46,63.43,BuildingB_Floor2,TypeA
1035,2025-04-07 17:17:08,17.52,58.45,BuildingA_Floor2,TypeA
1007,2025-04-09 01:21:45,31.75,33.52,BuildingA_Floor1,TypeC
1000,2025-04-11 02:18:01,24.35,65.28,BuildingA_Floor1,TypeA
1007,2025-04-11 10:21:38,24.57,43.3,BuildingA_Floor2,TypeC
1083,2025-04-11 20:21:19,16.27,73.34,BuildingB_Floor2,TypeC
1069,2025-04-11 02:12:30,27.99,58.33,BuildingA_Floor1,TypeB
1063,2025-04-09 21:01:51,32.75,78.17,BuildingB_Floor2,TypeB
1016,2025-04-10 01:51:20,33.99,46.14,BuildingB_Floor1,TypeC
1072,2025-04-10 02:53:14,18.89,35.2,BuildingA_Floor1,TypeC
1062,2025-04-09 07:35:31,16.19,66.76,BuildingB_Floor1,TypeB
1017,2025-04-09 14:41:58,26.42,72.47,BuildingA_Floor1,TypeB
1084,2025-04-08 04:33:00,33.37,49.17,BuildingB_Floor2,TypeC
1014,2025-04-06 22:31:51,25.66,36.9,BuildingB_Floor2,TypeA
1011,2025-04-07 02:20:16,20.94,79.58,BuildingB_Floor1,TypeC
1084,2025-04-10 17:41:54,21.45,43.0,BuildingB_Floor2,TypeB
1081,2025-04-09 15:09:28,20.09,47.68,BuildingB_Floor2,TypeC
1079,2025-04-11 12:40:17,33.44,45.42,BuildingB_Floor2,TypeB
1025,2025-04-08 16:49:04,17.14,66.41,BuildingA_Floor2,TypeC
1077,2025-04-10 08:43:25,27.44,57.52,BuildingB_Floor1,TypeA
1047,2025-04-07 06:03:57,17.3,49.15,BuildingB_Floor2,TypeB
1073,2025-04-08 22:54:36,28.82,56.18,BuildingA_Floor2,TypeB
1008,2025-04-09 16:13:19,20.2,41.28,BuildingB_Floor2,TypeA
1030,2025-04-07 22:24:10,15.39,30.29,BuildingA_Floor1,TypeA
1088,2025-04-07 06:19:21,20.57,46.04,BuildingA_Floor1,TypeA
1060,2025-04-08 19:39:37,23.47,58.07,BuildingA_Floor2,TypeA
1028,2025-04-09 17:25:21,27.05,78.65,BuildingB_Floor1,TypeA
1032,2025-04-09 14:43:30,16.37,35.56,BuildingA_Floor1,TypeB
1082,2025-04-10 22:06:19,27.51,71.47,BuildingB_Floor2,TypeB
1021,2025-04-08 00:41:40,34.15,57.26,BuildingB_Floor1,TypeB
1019,2025-04-09 01:52:31,30.03,52.32,BuildingA_Floor1,TypeB
1086,2025-04-07 06:43:22,32.41,61.23,BuildingA_Floor1,TypeB
1014,2025-04-09 08:29:48,15.37,42.45,BuildingB_Floor2,TypeB
1018,2025-04-09 23:30:28,21.22,30.64,BuildingB_Floor2,TypeA
1011,2025-04-07 02:47:45,17.07,64.6,BuildingB_Floor2,TypeC
1003,2025-04-09 05:55:29,34.02,39.09,BuildingB_Floor2,TypeB
1030,2025-04-11 19:16:45,31.33,52.47,BuildingA_Floor1,TypeB
1041,2025-04-10 14:09:53,18.19,61.46,BuildingB_Floor2,TypeC
1045,2025-04-09 06:45:26,28.35,39.01,BuildingA_Floor1,TypeC
1049,2025-04-10 22:32:41,29.35,41.55,BuildingA_Floor2,TypeB
1002,2025-04-11 03:12:17,28.67,73.32,BuildingA_Floor2,TypeA
1007,2025-04-10 14:19:54,23.36,56.34,BuildingB_Floor2,TypeB
1085,2025-04-07 23:06:08,26.77,32.28,BuildingA_Floor1,TypeC
1036,2025-04-08 23:25:29,30.49,46.92,BuildingB_Floor1,TypeA
1059,2025-04-11 17:58:40,29.64,76.26,BuildingB_Floor2,TypeC
1050,2025-04-11 16:35:34,20.2,46.22,BuildingB_Floor1,TypeA
1039,2025-04-09 10:47:43,20.74,51.34,BuildingB_Floor1,TypeC
1058,2025-04-07 04:44:43,18.8,54.49,BuildingA_Floor1,TypeB
1057,2025-04-08 01:28:23,20.06,75.77,BuildingB_Floor1,TypeB
1051,2025-04-09 02:36:47,33.46,53.66,BuildingB_Floor1,TypeA
1042,2025-04-08 19:18:49,22.49,56.42,BuildingB_Floor1,TypeA
1003,2025-04-09 19:26:06,15.22,34.42,BuildingB_Floor2,TypeC
1017,2025-04-08 17:55:15,28.07,46.45,BuildingA_Floor1,TypeA
1019,2025-04-10 15:47:46,24.99,50.6,BuildingA_Floor2,TypeC
1032,2025-04-10 08:33:06,26.43,50.56,BuildingA_Floor1,TypeC
1057,2025-04-11 11:39:14,28.47,68.44,BuildingA_Floor1,TypeC
1051,2025-04-10 05:35:00,25.32,73.93,BuildingA_Floor1,TypeC
1001,2025-04-09 07:53:16,26.88,43.74,BuildingB_Floor1,TypeB
1016,2025-04-06 21:40:35,24.92,69.37,BuildingB_Floor1,TypeB
1065,2025-04-07 11:17:49,20.56,32.12,BuildingA_Floor1,TypeB
1056,2025-04-08 19:13:21,17.8,55.7,BuildingB_Floor1,TypeA
1035,2025-04-09 05:37:38,21.19,42.8,BuildingA_Floor1,TypeA
1067,2025-04-07 13:55:37,30.56,59.65,BuildingB_Floor2,TypeC
1076,2025-04-07 19:55:47,29.62,58.42,BuildingB_Floor2,TypeA
1092,2025-04-11 08:41:16,34.08,45.32,BuildingB_Floor1,TypeB
1037,2025-04-08 19:49:32,17.72,41.34,BuildingB_Floor1,TypeA
1060,2025-04-08 12:35:32,31.41,68.4,BuildingB_Floor1,TypeC
1090,2025-04-10 16:54:44,26.37,35.43,BuildingA_Floor2,TypeC
1055,2025-04-08 03:27:00,30.85,68.52,BuildingA_Floor1,TypeC
1022,2025-04-07 21:27:50,30.73,41.65,BuildingB_Floor2,TypeC
1013,2025-04-08 15:22:25,24.54,37.82,BuildingB_Floor1,TypeB
1071,2025-04-11 03:19:21,24.38,62.54,BuildingB_Floor1,TypeB
1004,2025-04-09 11:41:16,18.44,70.53,BuildingA_Floor2,TypeA
1013,2025-04-11 04:32:55,31.95,42.86,BuildingB_Floor2,TypeC
1090,2025-04-07 11:59:40,32.42,37.64,BuildingB_Floor1,TypeC
1075,2025-04-11 10:52:38,31.95,53.02,BuildingB_Floor2,TypeC
1006,2025-04-08 03:35:37,16.22,56.93,BuildingA_Floor1,TypeA
1095,2025-04-11 19:17:21,17.64,78.0,BuildingA_Floor2,TypeC
1079,2025-04-06 21:35:39,31.95,42.18,BuildingA_Floor2,TypeB
1057,2025-04-08 11:06:06,18.01,72.85,BuildingB_Floor2,TypeA
1064,2025-04-10 16:49:31,21.13,68.85,BuildingA_Floor2,TypeB
1094,2025-04-10 13:38:32,18.71,45.77,BuildingA_Floor1,TypeB
1028,2025-04-07 13:12:30,20.93,42.89,BuildingA_Floor2,TypeC
1008,2025-04-10 18:28:22,33.82,73.16,BuildingA_Floor1,TypeC
1071,2025-04-07 22:26:27,23.38,39.38,BuildingA_Floor1,TypeA
1092,2025-04-08 23:08:48,17.59,58.58,BuildingA_Floor2,TypeB
1050,2025-04-07 20:08:44,16.41,35.65,BuildingA_Floor1,TypeA
1022,2025-04-09 16:56:12,22.35,75.15,BuildingA_Floor2,TypeA
1038,2025-04-10 12:02:41,34.88,48.64,BuildingB_Floor1,TypeC
1020,2025-04-07 12:41:12,31.8,55.21,BuildingB_Floor2,TypeB
1088,2025-04-08 13:17:30,23.14,52.84,BuildingA_Floor1,TypeC
1073,2025-04-08 02:54:24,19.54,66.51,BuildingB_Floor2,TypeB
1047,2025-04-07 07:37:52,33.64,45.13,BuildingB_Floor1,TypeC
1017,2025-04-10 17:08:12,27.38,62.72,BuildingA_Floor1,TypeA
1044,2025-04-07 03:07:46,32.24,69.9,BuildingA_Floor1,TypeA
1018,2025-04-07 03:25:21,23.43,38.51,BuildingB_Floor2,TypeB
1011,2025-04-10 02:03:11,30.56,35.91,BuildingB_Floor2,TypeC
1089,2025-04-07 10:46:46,16.6,63.42,BuildingA_Floor1,TypeB
1076,2025-04-09 20:16:23,25.57,66.78,BuildingB_Floor2,TypeC
1031,2025-04-08 23:41:13,16.82,34.47,BuildingA_Floor2,TypeC
1003,2025-04-07 04:02:30,28.16,54.97,BuildingA_Floor2,TypeB
1027,2025-04-08 18:22:29,20.36,64.85,BuildingA_Floor1,TypeA
1015,2025-04-10 04:53:24,23.93,54.29,BuildingB_Floor1,TypeC
1008,2025-04-08 16:43:00,31.02,62.42,BuildingA_Floor1,TypeB
1063,2025-04-10 14:27:25,19.72,60.51,BuildingB_Floor2,TypeA
1047,2025-04-10 11:40:23,32.69,58.06,BuildingB_Floor1,TypeB
1079,2025-04-09 19:41:05,27.41,59.02,BuildingA_Floor2,TypeA
1065,2025-04-09 15:09:53,21.56,65.08,BuildingA_Floor2,TypeB
1083,2025-04-09 17:26:44,17.82,31.78,BuildingA_Floor1,TypeB
1063,2025-04-10 03:27:55,29.51,63.16,BuildingA_Floor2,TypeB
1065,2025-04-10 12:02:49,33.32,53.27,BuildingB_Floor1,TypeC
1097,2025-04-10 06:05:03,25.05,49.81,BuildingB_Floor2,TypeA
1010,2025-04-10 19:19:46,27.51,43.2,BuildingB_Floor2,TypeC
1058,2025-04-10 14:04:47,17.92,53.73,BuildingA_Floor2,TypeB
1019,2025-04-08 11:01:44,23.14,37.42,BuildingB_Floor1,TypeB
1086,2025-04-10 17:04:20,27.74,37.62,BuildingB_Floor1,TypeB
1096,2025-04-11 01:53:52,20.11,70.12,BuildingB_Floor1,TypeC
1025,2025-04-09 09:30:21,34.85,64.83,BuildingA_Floor2,TypeB
1075,2025-04-09 10:59:56,34.77,56.97,BuildingB_Floor2,TypeC
1072,2025-04-10 08:36:27,26.24,63.24,BuildingB_Floor1,TypeA
1087,2025-04-08 16:44:57,30.1,32.02,BuildingA_Floor1,TypeB
1055,2025-04-08 14:15:42,34.57,74.97,BuildingA_Floor2,TypeC
1100,2025-04-09 19:18:17,30.85,31.69,BuildingA_Floor1,TypeB
1015,2025-04-08 17:03:06,21.58,68.67,BuildingA_Floor2,TypeA
1043,2025-04-08 12:23:29,19.97,53.78,BuildingA_Floor1,TypeC
1064,2025-04-09 16:05:28,28.88,47.91,BuildingB_Floor2,TypeA
1080,2025-04-09 22:53:53,32.65,69.46,BuildingA_Floor2,TypeB
1044,2025-04-10 20:55:09,27.96,46.35,BuildingA_Floor2,TypeC
1024,2025-04-09 10:44:55,27.78,76.11,BuildingB_Floor2,TypeB
1022,2025-04-10 05:19:51,19.82,35.01,BuildingA_Floor2,TypeB
1016,2025-04-09 21:55:00,31.93,72.93,BuildingB_Floor2,TypeA
1020,2025-04-07 13:16:15,22.41,33.33,BuildingB_Floor1,TypeA
1017,2025-04-10 01:39:03,30.19,31.77,BuildingA_Floor2,TypeA
1097,2025-04-10 04:11:51,33.41,65.8,BuildingA_Floor2,TypeA
1040,2025-04-11 19:08:44,33.63,58.44,BuildingB_Floor2,TypeA
1013,2025-04-10 08:25:25,24.9,64.83,BuildingA_Floor1,TypeB
1089,2025-04-08 02:28:23,15.46,47.57,BuildingB_Floor1,TypeA
1100,2025-04-07 05:33:19,27.53,68.1,BuildingB_Floor1,TypeA
1008,2025-04-09 05:30:59,19.17,68.79,BuildingA_Floor2,TypeA
1013,2025-04-11 06:16:22,30.28,77.77,BuildingB_Floor1,TypeA
1095,2025-04-08 17:12:32,25.64,36.43,BuildingB_Floor2,TypeA
1076,2025-04-06 21:43:24,18.45,71.95,BuildingB_Floor2,TypeC
1086,2025-04-11 09:05:31,30.86,41.86,BuildingB_Floor2,TypeC
1092,2025-04-10 08:31:32,23.77,33.96,BuildingB_Floor2,TypeB
1008,2025-04-07 07:14:37,31.65,52.23,BuildingB_Floor2,TypeA
1040,2025-04-08 20:27:49,27.87,50.84,BuildingB_Floor1,TypeC
1054,2025-04-08 20:50:14,15.64,62.4,BuildingA_Floor2,TypeC
1044,2025-04-07 13:04:55,32.05,65.73,BuildingB_Floor2,TypeB
1039,2025-04-10 12:55:45,20.09,31.03,BuildingA_Floor2,TypeC
1025,2025-04-08 00:27:43,23.56,63.55,BuildingA_Floor1,TypeC
1014,2025-04-08 06:20:47,30.43,32.21,BuildingA_Floor2,TypeC
1095,2025-04-08 21:42:13,28.33,57.93,BuildingB_Floor2,TypeA
1077,2025-04-08 07:15:23,18.16,67.95,BuildingA_Floor1,TypeA
1001,2025-04-07 00:51:07,23.91,50.58,BuildingB_Floor1,TypeC
1061,2025-04-10 13:35:22,32.41,63.58,BuildingB_Floor1,TypeC
1075,2025-04-10 03:06:15,34.75,59.39,BuildingA_Floor1,TypeC
1069,2025-04-10 03:27:53,26.79,62.2,BuildingB_Floor1,TypeA
1030,2025-04-10 21:01:23,22.82,74.26,BuildingA_Floor1,TypeB
1037,2025-04-09 05:46:56,19.39,48.89,BuildingB_Floor1,TypeB
1043,2025-04-11 07:10:48,17.19,39.85,BuildingB_Floor2,TypeA
1016,2025-04-07 08:26:54,22.64,46.62,BuildingB_Floor1,TypeA
1065,2025-04-11 02:16:12,26.96,64.05,BuildingA_Floor2,TypeC
1031,2025-04-07 11:58:34,23.1,33.4,BuildingB_Floor2,TypeB
1100,2025-04-08 16:46:22,29.17,74.05,BuildingA_Floor2,TypeB
1054,2025-04-11 14:35:41,26.65,65.01,BuildingA_Floor2,TypeB
1022,2025-04-07 09:35:40,33.83,66.01,BuildingA_Floor2,TypeB
1054,2025-04-10 01:00:49,28.68,30.01,BuildingA_Floor1,TypeB
1001,2025-04-11 04:56:01,31.45,30.3,BuildingB_Floor1,TypeB
1096,2025-04-08 16:33:51,32.57,49.56,BuildingB_Floor1,TypeB
1092,2025-04-08 16:35:00,33.31,64.72,BuildingA_Floor2,TypeB
1033,2025-04-07 01:35:16,32.32,37.06,BuildingA_Floor2,TypeB
1059,2025-04-07 02:56:53,33.89,66.5,BuildingA_Floor1,TypeB
1010,2025-04-07 22:05:25,30.74,62.93,BuildingB_Floor1,TypeB
1068,2025-04-09 10:44:04,29.29,44.16,BuildingB_Floor2,TypeC
1066,2025-04-08 19:42:00,28.03,51.62,BuildingB_Floor2,TypeB
1075,2025-04-08 02:48:29,34.19,78.12,BuildingB_Floor2,TypeC
1100,2025-04-08 23:48:07,25.28,57.97,BuildingB_Floor2,TypeC
1040,2025-04-09 07:54:52,27.32,55.63,BuildingB_Floor2,TypeC
1092,2025-04-07 23:16:21,33.08,31.94,BuildingB_Floor1,TypeB
1052,2025-04-09 14:58:06,21.99,74.98,BuildingB_Floor1,TypeA
1096,2025-04-10 10:35:13,33.19,33.85,BuildingA_Floor1,TypeA
1048,2025-04-07 16:00:05,16.49,62.62,BuildingB_Floor1,TypeA
1040,2025-04-07 15:22:59,20.35,52.38,BuildingB_Floor2,TypeA
1061,2025-04-09 13:27:11,18.18,48.28,BuildingA_Floor2,TypeB
1062,2025-04-07 01:39:26,34.55,72.7,BuildingA_Floor2,TypeA
1064,2025-04-06 20:53:50,34.53,56.52,BuildingA_Floor1,TypeC
1019,2025-04-09 05:40:58,26.26,38.19,BuildingA_Floor2,TypeC
1054,2025-04-10 12:08:34,26.33,44.01,BuildingA_Floor2,TypeA
1029,2025-04-10 11:32:48,19.03,47.78,BuildingA_Floor2,TypeC
1022,2025-04-08 14:13:22,24.48,76.34,BuildingA_Floor1,TypeC
1037,2025-04-08 08:40:02,25.11,49.5,BuildingB_Floor1,TypeA
1042,2025-04-10 21:17:25,20.58,38.64,BuildingB_Floor2,TypeA
1068,2025-04-08 15:22:12,19.04,70.72,BuildingA_Floor2,TypeB
1086,2025-04-09 23:12:05,20.89,72.44,BuildingB_Floor1,TypeC
1022,2025-04-10 13:57:21,30.81,30.6,BuildingB_Floor2,TypeB
1084,2025-04-08 00:47:13,15.28,53.83,BuildingB_Floor1,TypeC
1079,2025-04-10 09:30:40,18.25,39.29,BuildingA_Floor1,TypeB
1055,2025-04-10 18:38:54,15.44,55.83,BuildingA_Floor2,TypeC
1042,2025-04-08 11:22:06,24.04,60.86,BuildingB_Floor2,TypeB
1057,2025-04-08 17:25:39,19.76,49.72,BuildingA_Floor1,TypeC
1056,2025-04-09 23:54:00,30.99,77.34,BuildingB_Floor2,TypeA
1041,2025-04-10 16:59:15,24.41,41.82,BuildingB_Floor1,TypeC
1067,2025-04-10 08:37:33,29.47,54.54,BuildingA_Floor1,TypeB
1089,2025-04-09 09:42:40,15.94,68.86,BuildingB_Floor1,TypeA
1064,2025-04-09 01:11:46,22.01,53.65,BuildingA_Floor2,TypeA
1058,2025-04-11 10:44:50,21.28,69.34,BuildingA_Floor1,TypeC
1015,2025-04-10 22:00:35,25.23,35.04,BuildingA_Floor2,TypeC
1015,2025-04-07 06:17:29,18.97,56.02,BuildingB_Floor1,TypeB
1051,2025-04-10 00:45:06,24.62,63.65,BuildingA_Floor1,TypeC
1047,2025-04-08 06:51:00,18.97,57.14,BuildingB_Floor2,TypeB
1070,2025-04-10 08:20:03,24.96,58.07,BuildingB_Floor2,TypeC
1050,2025-04-09 19:46:54,22.22,64.45,BuildingA_Floor1,TypeB
1054,2025-04-09 09:20:45,27.76,43.54,BuildingA_Floor1,TypeB
1024,2025-04-10 09:50:32,16.65,76.89,BuildingA_Floor1,TypeA
1019,2025-04-07 20:31:11,18.06,78.9,BuildingB_Floor2,TypeC
1016,2025-04-09 01:04:37,30.62,55.61,BuildingA_Floor1,TypeC
1077,2025-04-08 08:51:44,30.09,40.45,BuildingA_Floor2,TypeB
1055,2025-04-09 04:24:27,16.79,32.5,BuildingB_Floor1,TypeC
1071,2025-04-07 17:52:23,17.41,65.97,BuildingA_Floor1,TypeB
1066,2025-04-07 16:45:17,34.6,63.06,BuildingA_Floor2,TypeB
1091,2025-04-10 12:21:47,27.49,58.24,BuildingB_Floor2,TypeC
1021,2025-04-08 19:51:33,25.8,36.64,BuildingB_Floor1,TypeB
1001,2025-04-10 12:37:19,26.6,31.13,BuildingA_Floor1,TypeB
1086,2025-04-08 16:08:14,33.41,42.88,BuildingB_Floor2,TypeC
1081,2025-04-10 23:52:41,34.3,31.21,BuildingB_Floor1,TypeC
1043,2025-04-10 04:44:59,26.07,60.32,BuildingB_Floor2,TypeB
1008,2025-04-07 20:17:33,22.8,44.77,BuildingA_Floor1,TypeC
1081,2025-04-10 01:25:23,19.51,75.74,BuildingB_Floor1,TypeB
1009,2025-04-09 14:03:27,25.18,73.82,BuildingB_Floor1,TypeC
1047,2025-04-07 01:10:04,33.72,42.1,BuildingA_Floor1,TypeB
1018,2025-04-11 18:34:58,25.22,58.85,BuildingA_Floor2,TypeA
1046,2025-04-11 02:24:28,24.95,78.78,BuildingB_Floor1,TypeB
1039,2025-04-09 20:57:33,22.95,45.17,BuildingB_Floor1,TypeC
1075,2025-04-10 05:57:26,26.03,65.57,BuildingA_Floor2,TypeC
1097,2025-04-09 21:23:37,25.23,48.19,BuildingB_Floor2,TypeC
1073,2025-04-09 02:22:57,22.92,42.18,BuildingA_Floor2,TypeB
1040,2025-04-10 06:39:38,34.06,44.0,BuildingA_Floor2,TypeB
1068,2025-04-07 19:31:55,18.82,42.46,BuildingA_Floor1,TypeC
1016,2025-04-08 05:20:16,18.86,67.19,BuildingA_Floor2,TypeB
1007,2025-04-08 07:20:21,30.37,33.63,BuildingA_Floor1,TypeA
1070,2025-04-09 10:52:46,18.99,35.55,BuildingB_Floor1,TypeB
1088,2025-04-07 20:18:47,25.68,32.27,BuildingB_Floor1,TypeB
1077,2025-04-10 12:38:07,26.67,30.3,BuildingB_Floor2,TypeC
1078,2025-04-08 15:26:01,21.59,59.41,BuildingB_Floor1,TypeB
1057,2025-04-09 18:03:16,21.72,70.0,BuildingB_Floor2,TypeA
1000,2025-04-08 22:27:41,25.77,43.17,BuildingB_Floor2,TypeB
1044,2025-04-08 05:32:45,23.6,33.03,BuildingA_Floor2,TypeB
1014,2025-04-09 08:07:28,22.12,58.59,BuildingA_Floor2,TypeB
1094,2025-04-11 14:30:53,27.48,41.46,BuildingB_Floor1,TypeC
1052,2025-04-09 10:35:48,29.0,74.0,BuildingA_Floor2,TypeB
1054,2025-04-10 00:11:25,20.01,61.45,BuildingA_Floor1,TypeB
1064,2025-04-07 07:06:53,33.87,73.93,BuildingB_Floor1,TypeC
1062,2025-04-08 09:17:58,29.49,33.13,BuildingA_Floor2,TypeA
1034,2025-04-06 21:14:47,18.05,36.52,BuildingA_Floor1,TypeC
1087,2025-04-09 20:45:41,18.56,64.52,BuildingA_Floor2,TypeB
1077,2025-04-09 01:30:28,21.42,55.13,BuildingA_Floor2,TypeC
1039,2025-04-08 08:50:03,33.75,78.9,BuildingA_Floor2,TypeA
1046,2025-04-07 13:16:07,23.44,71.87,BuildingB_Floor2,TypeC
1091,2025-04-06 23:26:39,25.23,70.13,BuildingB_Floor1,TypeA
1007,2025-04-08 00:58:03,24.77,73.51,BuildingB_Floor2,TypeB
1052,2025-04-11 01:08:52,17.75,52.82,BuildingA_Floor2,TypeB
1028,2025-04-07 18:32:26,29.49,72.27,BuildingB_Floor2,TypeB
1091,2025-04-08 12:42:56,17.2,59.88,BuildingB_Floor1,TypeC
1088,2025-04-11 12:34:28,20.97,33.98,BuildingA_Floor1,TypeB
1061,2025-04-10 23:50:52,33.42,66.85,BuildingA_Floor2,TypeB
1040,2025-04-08 01:05:16,19.58,30.71,BuildingA_Floor1,TypeA
1088,2025-04-08 11:38:23,19.7,38.9,BuildingB_Floor2,TypeB
1075,2025-04-10 12:33:27,27.31,51.18,BuildingA_Floor1,TypeA
1033,2025-04-10 05:29:25,16.05,74.02,BuildingA_Floor1,TypeC
1085,2025-04-10 22:06:33,28.9,52.03,BuildingA_Floor2,TypeB
1063,2025-04-09 12:35:17,20.88,77.99,BuildingA_Floor1,TypeC
1064,2025-04-11 13:12:27,19.71,48.91,BuildingA_Floor1,TypeB
1004,2025-04-07 10:07:42,26.9,39.19,BuildingA_Floor1,TypeC
1006,2025-04-09 18:02:34,18.56,62.75,BuildingB_Floor1,TypeC
1019,2025-04-08 03:55:49,26.79,67.93,BuildingB_Floor2,TypeB
1070,2025-04-07 23:38:32,27.06,73.97,BuildingB_Floor1,TypeC
1077,2025-04-09 17:25:38,34.77,77.17,BuildingA_Floor1,TypeC
1021,2025-04-07 05:38:12,16.0,79.17,BuildingA_Floor2,TypeB
1000,2025-04-09 08:10:00,25.75,32.57,BuildingA_Floor1,TypeC
1057,2025-04-09 22:45:58,30.59,61.75,BuildingB_Floor2,TypeB
1003,2025-04-08 06:17:07,30.55,58.16,BuildingB_Floor1,TypeC
1044,2025-04-10 08:46:12,16.21,79.79,BuildingB_Floor1,TypeA
1075,2025-04-09 23:39:12,19.1,38.76,BuildingB_Floor1,TypeC
1086,2025-04-08 10:47:07,31.77,63.19,BuildingB_Floor1,TypeB
1038,2025-04-08 08:27:15,18.27,50.54,BuildingB_Floor2,TypeC
1055,2025-04-09 23:36:41,21.17,73.65,BuildingB_Floor1,TypeC
1057,2025-04-10 18:58:02,23.48,36.74,BuildingB_Floor2,TypeC
1074,2025-04-07 15:59:05,25.28,76.96,BuildingA_Floor2,TypeB
1060,2025-04-09 19:21:43,31.68,48.23,BuildingB_Floor2,TypeA
1032,2025-04-09 19:34:30,22.44,69.57,BuildingA_Floor1,TypeB
1039,2025-04-11 00:40:38,18.46,37.96,BuildingA_Floor1,TypeA
1000,2025-04-10 21:31:37,18.17,44.61,BuildingA_Floor2,TypeC
1079,2025-04-09 06:56:31,28.07,57.08,BuildingB_Floor2,TypeC
1051,2025-04-10 11:04:12,34.56,78.56,BuildingB_Floor2,TypeA
1008,2025-04-09 14:22:10,30.81,73.98,BuildingA_Floor1,TypeB
1019,2025-04-09 02:42:54,26.24,67.78,BuildingA_Floor1,TypeB
1022,2025-04-11 04:17:46,34.23,78.57,BuildingA_Floor1,TypeC
1097,2025-04-11 09:58:43,29.4,38.15,BuildingB_Floor2,TypeA
1038,2025-04-10 04:01:23,29.27,64.0,BuildingA_Floor1,TypeC
1038,2025-04-07 11:55:29,34.96,72.68,BuildingB_Floor2,TypeB
1030,2025-04-11 05:33:47,19.82,67.67,BuildingB_Floor2,TypeC
1062,2025-04-09 02:53:39,23.61,34.19,BuildingA_Floor2,TypeC
1053,2025-04-07 07:11:22,26.44,76.5,BuildingA_Floor2,TypeB
1004,2025-04-09 09:02:49,27.95,60.5,BuildingA_Floor2,TypeB
1053,2025-04-09 20:27:41,16.2,57.44,BuildingB_Floor2,TypeB
1008,2025-04-10 09:16:18,24.69,48.91,BuildingA_Floor1,TypeA
1049,2025-04-07 04:22:15,33.86,73.26,BuildingB_Floor1,TypeA
1038,2025-04-11 17:51:33,16.85,30.67,BuildingB_Floor1,TypeC
1019,2025-04-08 04:22:41,29.22,43.44,BuildingB_Floor2,TypeA
1096,2025-04-08 16:40:32,25.28,56.94,BuildingA_Floor1,TypeC
1096,2025-04-10 07:16:49,17.21,64.16,BuildingA_Floor1,TypeC
1019,2025-04-09 21:21:54,17.9,71.21,BuildingA_Floor1,TypeA
1045,2025-04-11 16:53:38,23.54,78.66,BuildingA_Floor1,TypeA
1088,2025-04-08 20:21:28,19.8,40.78,BuildingA_Floor2,TypeB
1088,2025-04-08 20:17:57,20.85,45.9,BuildingA_Floor2,TypeA
1082,2025-04-09 16:38:54,20.8,55.51,BuildingA_Floor2,TypeC
1051,2025-04-09 06:26:52,21.52,68.74,BuildingB_Floor2,TypeA
1019,2025-04-11 14:05:21,17.93,58.98,BuildingB_Floor2,TypeA
1008,2025-04-07 13:55:28,32.3,55.48,BuildingB_Floor2,TypeC
1022,2025-04-07 02:20:07,15.11,72.38,BuildingA_Floor2,TypeB
1031,2025-04-07 00:57:34,16.24,35.1,BuildingA_Floor1,TypeA
1078,2025-04-06 23:00:38,25.06,46.65,BuildingA_Floor1,TypeC
1062,2025-04-11 09:48:34,18.86,54.88,BuildingB_Floor2,TypeB
1099,2025-04-11 10:38:49,29.64,31.71,BuildingA_Floor1,TypeA
1096,2025-04-08 22:02:27,26.4,49.03,BuildingA_Floor1,TypeC
1026,2025-04-07 06:05:26,21.78,37.22,BuildingA_Floor1,TypeA
1001,2025-04-08 07:41:46,27.5,61.49,BuildingA_Floor2,TypeB
1084,2025-04-11 04:00:56,28.98,76.95,BuildingB_Floor1,TypeC
1064,2025-04-08 08:34:46,26.01,73.28,BuildingB_Floor2,TypeB
1079,2025-04-11 13:48:55,23.53,72.55,BuildingB_Floor2,TypeA
1063,2025-04-10 10:01:45,34.27,63.66,BuildingA_Floor2,TypeC
1081,2025-04-11 12:07:51,18.63,50.17,BuildingA_Floor1,TypeA
1058,2025-04-08 15:16:04,17.74,40.27,BuildingB_Floor1,TypeB
1094,2025-04-10 15:02:18,22.54,73.61,BuildingB_Floor2,TypeC
1074,2025-04-07 18:13:54,20.73,33.8,BuildingA_Floor1,TypeC
1003,2025-04-10 22:04:32,25.72,35.78,BuildingA_Floor1,TypeB
1026,2025-04-08 14:15:28,17.46,67.79,BuildingA_Floor2,TypeA
1034,2025-04-08 15:55:37,32.15,34.99,BuildingA_Floor1,TypeB
1044,2025-04-07 05:03:55,32.32,60.07,BuildingA_Floor1,TypeA
1065,2025-04-08 01:27:19,23.42,47.81,BuildingB_Floor2,TypeA
1065,2025-04-07 10:33:38,23.65,30.08,BuildingA_Floor1,TypeB
1036,2025-04-07 04:49:10,30.4,63.09,BuildingA_Floor2,TypeA
1083,2025-04-08 00:12:16,15.16,47.0,BuildingA_Floor2,TypeA
1024,2025-04-07 08:47:25,24.04,54.02,BuildingA_Floor2,TypeB
1078,2025-04-08 07:12:26,34.32,77.08,BuildingB_Floor2,TypeA
1020,2025-04-11 20:33:28,24.06,42.99,BuildingB_Floor1,TypeB
1011,2025-04-08 09:24:53,20.99,54.62,BuildingA_Floor2,TypeC
1066,2025-04-07 05:49:58,20.83,47.34,BuildingA_Floor2,TypeA
1068,2025-04-09 18:31:07,20.02,73.69,BuildingB_Floor1,TypeA
1088,2025-04-10 17:00:10,33.93,66.11,BuildingA_Floor2,TypeA
1046,2025-04-07 19:38:27,32.87,38.49,BuildingA_Floor1,TypeA
1065,2025-04-08 05:02:20,27.98,30.71,BuildingA_Floor2,TypeC
1041,2025-04-08 20:36:29,26.76,58.75,BuildingA_Floor1,TypeC
1089,2025-04-09 02:54:01,33.27,39.25,BuildingB_Floor1,TypeC
1052,2025-04-08 09:10:31,15.16,42.03,BuildingA_Floor1,TypeC
1083,2025-04-09 12:05:46,29.41,66.4,BuildingB_Floor2,TypeC
1044,2025-04-08 06:58:52,30.41,65.17,BuildingA_Floor2,TypeB
1081,2025-04-10 10:17:26,34.51,33.72,BuildingA_Floor1,TypeA
1079,2025-04-09 21:42:54,28.47,74.94,BuildingA_Floor1,TypeB
1084,2025-04-09 15:11:12,27.63,37.43,BuildingA_Floor2,TypeA
1079,2025-04-10 15:28:07,32.72,38.18,BuildingA_Floor1,TypeB
1099,2025-04-08 06:18:46,28.92,51.01,BuildingA_Floor2,TypeA
1002,2025-04-08 08:53:53,30.97,62.64,BuildingA_Floor2,TypeB
1097,2025-04-08 21:01:20,26.24,43.04,BuildingA_Floor1,TypeA
1003,2025-04-11 17:45:41,27.1,80.0,BuildingA_Floor2,TypeA
1086,2025-04-08 00:54:57,16.54,34.02,BuildingA_Floor1,TypeA
1070,2025-04-07 23:00:23,31.39,61.62,BuildingB_Floor2,TypeC
1014,2025-04-06 20:53:06,31.56,46.47,BuildingB_Floor2,TypeA
1083,2025-04-08 11:22:55,25.47,67.31,BuildingB_Floor2,TypeC
1039,2025-04-10 03:48:14,29.29,73.88,BuildingA_Floor1,TypeC
1029,2025-04-09 11:54:10,15.61,42.2,BuildingB_Floor1,TypeB
1000,2025-04-09 15:24:33,23.44,30.32,BuildingA_Floor2,TypeA
1006,2025-04-08 09:05:27,31.45,63.68,BuildingA_Floor1,TypeC
1089,2025-04-11 05:19:50,24.16,61.78,BuildingA_Floor1,TypeA
1032,2025-04-07 08:55:17,30.39,76.55,BuildingB_Floor1,TypeA
1003,2025-04-07 01:51:01,32.46,52.62,BuildingA_Floor2,TypeC
1007,2025-04-08 18:45:52,29.93,69.29,BuildingA_Floor1,TypeB
1054,2025-04-08 02:49:55,22.66,67.16,BuildingA_Floor1,TypeC
1026,2025-04-11 14:32:44,30.52,71.76,BuildingB_Floor1,TypeA
1080,2025-04-08 05:46:52,23.95,46.36,BuildingA_Floor2,TypeA
1015,2025-04-09 06:45:30,19.14,62.78,BuildingB_Floor1,TypeB
1004,2025-04-08 23:13:57,22.99,72.66,BuildingA_Floor1,TypeC
1005,2025-04-10 09:09:47,28.82,69.1,BuildingB_Floor2,TypeA
1053,2025-04-10 19:20:55,29.28,67.27,BuildingA_Floor2,TypeA
1020,2025-04-09 21:43:17,29.0,53.83,BuildingA_Floor2,TypeB
1035,2025-04-09 02:53:30,25.09,60.52,BuildingA_Floor2,TypeB
1099,2025-04-07 00:28:59,15.42,36.5,BuildingB_Floor1,TypeA
1063,2025-04-08 18:10:44,26.84,53.25,BuildingB_Floor1,TypeC
1100,2025-04-09 04:06:20,16.71,42.54,BuildingA_Floor2,TypeC
1033,2025-04-10 14:03:05,26.02,61.86,BuildingA_Floor2,TypeA
1054,2025-04-06 21:09:47,30.59,68.81,BuildingB_Floor1,TypeC
1019,2025-04-08 04:32:26,25.96,77.12,BuildingA_Floor2,TypeC
1009,2025-04-07 04:52:38,31.34,69.47,BuildingA_Floor1,TypeA
1073,2025-04-09 03:10:42,26.12,77.88,BuildingA_Floor2,TypeA
1006,2025-04-09 12:08:10,28.49,47.78,BuildingB_Floor2,TypeC
1000,2025-04-10 22:04:53,17.91,56.93,BuildingA_Floor2,TypeA
1034,2025-04-09 22:01:07,16.0,40.29,BuildingA_Floor2,TypeB
1060,2025-04-10 10:53:36,24.52,45.18,BuildingA_Floor1,TypeB
1060,2025-04-09 12:37:20,26.85,48.22,BuildingA_Floor2,TypeC
1073,2025-04-10 08:44:28,15.95,79.81,BuildingB_Floor1,TypeB
1051,2025-04-11 20:03:50,18.04,55.18,BuildingB_Floor2,TypeC
1027,2025-04-11 04:07:36,19.08,75.89,BuildingB_Floor1,TypeA
1033,2025-04-07 20:25:47,15.19,47.03,BuildingB_Floor2,TypeB
1091,2025-04-10 15:24:32,31.09,60.15,BuildingA_Floor2,TypeB
1075,2025-04-09 22:05:32,27.31,52.56,BuildingA_Floor2,TypeB
1032,2025-04-08 02:01:56,30.09,67.13,BuildingA_Floor2,TypeC
1081,2025-04-08 03:43:07,34.17,56.77,BuildingA_Floor1,TypeB
1039,2025-04-09 22:18:31,16.46,41.91,BuildingA_Floor2,TypeB
1096,2025-04-08 00:17:56,30.37,75.77,BuildingA_Floor2,TypeA
1022,2025-04-07 10:04:21,16.01,49.16,BuildingA_Floor2,TypeB
1003,2025-04-11 05:30:21,34.01,65.58,BuildingB_Floor2,TypeA
1024,2025-04-09 00:36:38,27.83,55.65,BuildingA_Floor1,TypeC
1044,2025-04-07 19:45:48,32.58,51.31,BuildingA_Floor2,TypeA
